Lord of the Rings,Tolkien,1212,8,35.490002,
The Hobbit,Tolkien,12,30,12.990000,
Brave,kjasdf,213,2,29.990000,
Lord of the Rings,Tolkien,1212,8,35.490002,
The Hobbit,Tolkien,12,30,12.990000,
Brave,kjasdf,213,2,29.990000,
Lord of the Rings,Tolkien,1212,8,35.490002,
The Hobbit,Tolkien,12,30,12.990000,
Brave,kjasdf,213,2,29.990000,
Lord of the Rings,Tolkien,1212,8,35.490002,
The Hobbit,Tolkien,12,30,12.990000,
Brave,kjasdf,213,2,29.990000,
Gasdf,sdf,12489,1,99999.992188,
Lord of the Rings,Tolkien,1212,8,35.490002,
The Hobbit,Tolkien,12,30,12.990000,
Brave,kjasdf,213,2,29.990000,
Lord of the Rings,Tolkien,1212,8,35.490002,
The Hobbit,Tolkien,12,30,12.990000,
Brave,kjasdf,213,2,29.990000,
Lord of the Rings,Tolkien,1212,8,35.490002,
The Hobbit,Tolkien,12,30,12.990000,
Brave,kjasdf,213,2,29.990000,
Lord of the Rings,Tolkien,1212,8,35.490002,
The Hobbit,Tolkien,12,30,12.990000,
Brave,kjasdf,213,2,29.990000,
Gasdf,sdf,12489,1,99999.992188,
Lord of the Rings,Tolkien,1212,8,35.490002,
The Hobbit,Tolkien,12,30,12.990000,
Brave,kjasdf,213,2,29.990000,
Lord of the Rings,Tolkien,1212,8,35.490002,
The Hobbit,Tolkien,12,30,12.990000,
Brave,kjasdf,213,2,29.990000,
Lord of the Rings,Tolkien,1212,8,35.490002,
The Hobbit,Tolkien,12,30,12.990000,
Brave,kjasdf,213,2,29.990000,
Lord of the Rings,Tolkien,1212,8,35.490002,
The Hobbit,Tolkien,12,30,12.990000,
Brave,kjasdf,213,2,29.990000,
Gasdf,sdf,12489,1,99999.992188,
Lord of the Rings,Tolkien,1212,8,35.490002,
The Hobbit,Tolkien,12,30,12.990000,
Brave,kjasdf,213,2,29.990000,
Lord of the Rings,Tolkien,1212,8,35.490002,
The Hobbit,Tolkien,12,30,12.990000,
Brave,kjasdf,213,2,29.990000,
Lord of the Rings,Tolkien,1212,8,35.490002,
The Hobbit,Tolkien,12,30,12.990000,
Brave,kjasdf,213,2,29.990000,
Lord of the Rings,Tolkien,1212,8,35.490002,
The Hobbit,Tolkien,12,29,12.990000,
Brave,kjasdf,213,1,29.990000,
Gasdf,sdf,12489,0,19.990000